id,name,nature,type
1515105011,广告经营与管理,必修课,理论
0806143001,工程制图,必修课,理论
0303246531,雕塑与壁画专业创作Ⅳ（泥塑人体写生与创作）,必修课,理论
0303246471,雕塑与壁画专业基础Ⅳ（泥塑浮雕技法研究）,必修课,理论
0303245742,雕塑与壁画专业选修Ⅳ（构成设计）,限选课,理论
0303244252,水彩画表现,任选课,理论
0903145022,遥感及地理信息系统,限选课,理论
1106240132,健美操,必修课,理论
1106240122,专选Ⅲ,限选课,理论
0203140732,英语口才与演讲,限选课,理论
0401140061,形势与政策Ⅰ,必修课,理论
0306242121,包装设计,必修课,理论
1505306009,服装摄影,必修课,理论
0802143011,工程数学,必修课,理论
0306242151,新媒体设计Ⅲ,必修课,理论
0101141221,应用写作,必修课,理论
0401140041,毛泽东思想和中国特色社会主义理论体系概论,必修课,理论
0306243141,家具与软装饰设计,必修课,理论
0306242141,印刷与工艺,必修课,理论
1901140021,创新创业指导,必修课,理论
0401140081,形势与政策Ⅲ,必修课,理论
0306242052,软装饰设计,任选课,理论
0306242131,书籍装帧设计,必修课,理论
1700140921,大学物理学（下）,必修课,理论
0703140051,数据库原理及应用,必修课,理论
0401140021,思想道德修养与法律基础,必修课,理论
0202140911,英语报刊阅读,必修课,理论
1202140021,高等代数I,必修课,理论
0303241171,漫画创作,必修课,理论
1203140831,复变函数,限选课,理论
0306243161,公共空间专题设计Ⅰ,必修课,理论
0306142031,现代设计史,必修课,理论
0502140171,土木工程材料,必修课,理论
0802140041,数字电子技术基础,必修课,理论
1202140061,数学分析Ⅲ,必修课,理论
0303240041,中外美术史Ⅰ,必修课,理论
0202140531,基础英语I,必修课,理论
1602140061,中国现代小说散文赏析,必修课,理论
1512009008,通风工程,必修课,理论
0106141091,中国古代文学史III,必修课,理论
0103143011,秘书学概论,必修课,理论
1511204015,模具设计与制造,任选课,理论
1203140031,高等数学BI,必修课,理论
0201140011,大学英语Ⅰ,必修课,理论
0606141131,化工热力学*,必修课,理论
1003143081,机械制造技术,必修课,理论
1517405016,酒店管理比较研究△,必修课,理论
0706146071,传感器技术及应用,必修课,理论
0603145051,环保设备原理与设计*,必修课,理论
0606143071,土建工程及施工,必修课,理论
0706146131,自动识别技术,必修课,理论
1506147472,康乐管理,任选课,理论
1603142161,全媒体新闻策划与编辑,必修课,理论
0903144071,药剂学,必修课,理论
0701140011,大学计算机基础,必修课,理论
1003146252,汽车液压与气压传动,任选课,理论
1508405009,清洁生产,任选课,理论
1104006502,会计英语,任选课,理论
1603142141,全媒体节目制作与包装,必修课,理论
0603142061,水污染控制工程*,必修课,理论
0106141161,中国现代文学史III,必修课,理论
1515206014,网络游戏设计,限选课,理论
0603144062,PLC技术,限选课,理论
0603141241,化工安全与环保,必修课,理论
0102140131,语言学概论,必修课,理论
1603142111,版式设计原理与应用,必修课,理论
1503143691,酒店服务质量管理,必修课,理论
0903142021,食品检测与分析,必修课,理论
1508207103,天然气加工工程,必修课,理论
1511104021,工业机器人,任选课,理论
1302143051,文化产业概论,必修课,理论
1003140222,微机原理与应用,任选课,理论
1702140022,大学物理2,必修课,理论
1203140011,高等数学AI,必修课,理论
1703141361,综合实践活动设计与实施,必修课,理论
0806147212,过程控制与仪器仪表,限选课,理论
0401140051,思想政治理论综合实践课,必修课,理论
0401140011,中国近现代史纲要,必修课,理论
1403141041,管理会计,必修课,理论
1517106426,劳动关系管理,限选课,理论
0105440021,学科教学技能,实践课,理论
0202140691,高级英语I,必修课,理论
1506141942,分销渠道管理,任选课,理论
0803140041,数字信号处理,必修课,理论
1602140021,传播学,必修课,理论
0201140031,大学英语Ⅲ,必修课,理论
1506140212,市场调查与预测,任选课,理论
0306243052,版式设计,任选课,理论
0306243181,景观设计基础,必修课,理论
0306243171,小区环境景观设计,必修课,理论
1505405003,游戏与原画设计,必修课,理论
1503141861,零售管理,必修课,理论
0206140231,经贸日语I,必修课,理论
1702144132,免疫学基础,任选课,理论
0102140211,文献检索与论文写作,必修课,理论
1702241221,小学体育卫生与健康,必修课,理论
1306141052,民族生态学,限选课,理论
0906141121,食品生物技术,任选课,理论
0203140552,国际商法,任选课,理论
1003143061,控制工程基础A,必修课,理论
0706140012,软件工程,必修课,理论
1502143631,旅游学原理*,必修课,理论
1603142051,媒介伦理与法规,必修课,理论
1302142011,社会学概论,必修课,理论
1512007117,建设工程成本控制与管理,必修课,理论
0502140061,工程测量,必修课,理论
1003140151,机械测试技术,必修课,理论
1505105003,三峡民间美术及其应用,必修课,理论
1505106020,油画创作,必修课,理论
1303144081,合同法,必修课,理论
1508207203,制药设备和工程设计,必修课,理论
0702140011,计算机导论,必修课,理论
1505405002,动漫周边产品设计,必修课,理论
0306243042,DV拍摄与剪辑,任选课,理论
0303241181,定格动画,必修课,理论
1505405001,二维动画短片创作,必修课,理论
1505405004,联合创作,必修课,理论
1505106036,人物画（创作）,必修课,理论
1505106035,人物画（写意）,必修课,理论
0303244131,服装CAD,必修课,理论
0303241151,三维动画Ⅱ,必修课,理论
0303241161,CG插画,必修课,理论
0900140062,创新和解决问题,公选课,理论
0900140052,多元化沟通,公选课,理论
0303245311,花鸟画专业创作Ⅱ（工笔创作）,必修课,理论
0303245331,花鸟画专业创作Ⅳ（没骨创作）,必修课,理论
0303245251,花鸟画专业基础Ⅱ(工笔技法),必修课,理论
0303245271,花鸟画专业基础Ⅳ（没骨技法),必修课,理论
0303245142,花鸟画专业选修Ⅳ（中国山水画）,限选课,理论
0303245531,人物画专业创作Ⅳ（主题性创作1）,必修课,理论
0303245471,人物画专业基础Ⅳ（主题性素描表现）,必修课,理论
0303245242,人物画专业选修Ⅳ（中国花鸟画）,限选课,理论
0303246331,版画与插画专业创作Ⅳ（版画3）,必修课,理论
0303246271,版画与插画专业基础Ⅳ（表现性绘画）,必修课,理论
0303245642,版画与插画专业选修Ⅳ（版画与插画）,限选课,理论
0303245711,油画（一）专业创作Ⅱ（油画静物1）,必修课,理论
0303245731,油画（一）专业创作Ⅳ（油画人体）,必修课,理论
0303245651,油画（一）专业基础Ⅱ（人物头像素描）,必修课,理论
0303245671,油画（一）专业基础Ⅳ（人体素描）,必修课,理论
0303245332,油画（一）专业选修Ⅱ（油画静物2）,限选课,理论
0303245342,油画（一）专业选修Ⅳ（油画人物1）,限选课,理论
0303245911,油画（二）专业创作Ⅱ（风景画技法及创作基础）,必修课,理论
0303245931,油画（二）专业创作Ⅳ（带风景的油画人物）,必修课,理论
0303245851,油画（二）专业基础Ⅱ（油画静物）,必修课,理论
0303245871,油画（二）专业基础Ⅳ（油画人物）,必修课,理论
0303245432,油画（二）专业选修Ⅱ（素描半身、全身着衣人物）,限选课,理论
0303245442,油画（二）专业选修Ⅳ（素描人体）,限选课,理论
0303246711,水性绘画专业创作Ⅱ（水性绘画头像）,必修课,理论
0303246731,水性绘画专业创作Ⅳ（水性绘画人体）,必修课,理论
0303246651,水性绘画专业基础Ⅱ（素描半身像）,必修课,理论
0303246671,水性绘画专业基础Ⅳ（素描人体）,必修课,理论
0303245832,水性绘画专业选修Ⅱ（构图学）,限选课,理论
0303245842,水性绘画专业选修Ⅳ（油画人物:写实）,限选课,理论
0303246111,油画（三）专业创作Ⅱ（综合人物绘画：个体成长与环境）,必修课,理论
0303246131,油画（三）专业创作Ⅳ（综合绘画：真人人物组合）,必修课,理论
0303246051,油画（三）专业基础Ⅱ（自由绘画：人体素描）,必修课,理论
0303246071,油画（三）专业基础Ⅳ（绘画的综合材料应用）,必修课,理论
0303245542,油画（三）专业选修Ⅳ（机械工程与艺术表达）,限选课,理论
0303245131,山水画专业创作Ⅳ（综合创作1）,必修课,理论
0303245071,山水画专业基础Ⅳ（明清山水画临摹）,必修课,理论
0303245042,山水画专业选修Ⅳ（中国画花鸟）,限选课,理论
0706144032,Android编程基础,任选课,理论
0401140031,马克思主义基本原理概论,必修课,理论
1502149091,财务管理,必修课,理论
0202140651,英语写作II,必修课,理论
0303244121,服装工业制版与制作,必修课,理论
0706142041,数据结构与算法分析,必修课,理论
1706144031,生物化学,必修课,理论
0303244141,成衣设计Ⅱ,必修课,理论
1203140071,线性代数C,必修课,理论
1203140121,经济数学III,必修课,理论
1302144051,刑法Ⅱ,必修课,理论
1303141051,民族考古学,必修课,理论
1303143041,社会学研究方法,必修课,理论
1003146152,汽车新能源与节能技术,限选课,理论
1704140051,书写技能,必修课,理论
1517106016,网络金融与电子商务支付,限选课,理论
0303244151,针织服装设计与制作Ⅰ,必修课,理论
0102140051,现代汉语I,必修课,理论
1704141452,三峡文化概论,任选课,理论
1406145202,发展经济学,任选课,理论
1112004901,建筑力学,必修课,理论
1102140051,体育概论,必修课,理论
1703142131,电工学,必修课,理论
0503140031,钢结构原理,必修课,理论
0903141061,食品工艺学,必修课,理论
0706143122,JavaEE 程序设计,任选课,理论
1703141230,小学教育学,必修课,理论
1603141111,广告设计,必修课,理论
0703140131,计算机网络,必修课,理论
0802140011,电路分析基础,必修课,理论
1302144021,宪法学,必修课,理论
0706146051,数字电子技术,必修课,理论
1302143041,中国文化史,必修课,理论
0603141051,物理化学 I*,必修课,理论
1702149041,大学物理 A,必修课,理论
1303141041,语言人类学,必修课,理论
1702141051,中外文学,必修课,理论
0202140551,基础英语III,必修课,理论
1505006211,公园景观设计,必修课,理论
1505006209,酒店空间设计,必修课,理论
1505006212,模型制作,必修课,理论
1505006210,小区景观设计,必修课,理论
1505006923,壁饰设计,限选课,理论
1505206010,产品造型设计,必修课,理论
1105007007,展示设计,限选课,理论
1505206003,装饰设计,必修课,理论
1505306010,染织设计,必修课,理论
1505306011,品牌与市场策划,必修课,理论
2101140011,中级汉语Ⅰ,必修课,理论
2101119971,HSK专项训练4（提高）,必修课,理论
1104240022,队列队形练习,必修课,理论
1103240011,田径Ⅰ,必修课,理论
1103240051,足球,必修课,理论
1103242201,时尚有氧运动,必修课,理论
1101240031,大学体育Ⅲ,必修课,理论
1206140382,高等几何,任选课,理论
0702149081,高级语言程序,必修课,理论
0502140142,建设法规,限选课,理论
0202140611,英语阅读I,必修课,理论
0803145131,Python编程技术,必修课,理论
0603143011,测量学,必修课,理论
1002143061,材料力学B,必修课,理论
1515106001,电子商务实务,限选课,理论
1112007912,建筑施工组织与管理,限选课,理论
0803147051,电机原理与拖动控制,必修课,理论
1206140442,数学史与数学文化,任选课,理论
0806140081,嵌入式系统设计及应用软件开发,必修课,理论
0706146121,通信原理,必修课,理论
0702149091,Python语言编程,必修课,理论
1003146051,汽车电器与电控技术,必修课,理论
1003140242,智能机器人,限选课,理论
0606141121,化工原理A（二）*,必修课,理论
0603144071,过程装备控制技术*,必修课,理论
1203140101,经济数学I,必修课,理论
1504405007,金融企业会计,任选课,理论
0706145101,分布式数据库原理与应用,必修课,理论
1603141161,消费者行为学,必修课,理论
0603142052,环境毒理学,任选课,理论
1303143111,会展实务,必修课,理论
0106141181,外国文学史II,必修课,理论
1406145302,金融发展前沿,任选课,理论
1206140572,统计预测与决策,任选课,理论
0603141071,化工导论,实践课,理论
1303143192,公共关系学,任选课,理论
0606141141,化学反应工程*,必修课,理论
1504106002,财产保险,限选课,理论
1511106005,冲压工艺与模具设计,限选课,理论
1403140011,金融学,必修课,理论
1203140861,数据结构,必修课,理论
1203140091,概率论与数理统计B,必修课,理论
1403141061,税务会计,必修课,理论
0106141071,中国古代文学史I,必修课,理论
1106140082,体育管理学,任选课,理论
0706140042,网络协议分析与编程,任选课,理论
0206140561,英语口译I,必修课,理论
1103142281,运动伤害防护与现场急救,必修课,理论
1102140021,运动解剖学,必修课,理论
0202140591,英语听力III,必修课,理论
0202140571,英语听力I,必修课,理论
0203140762,西方文化概况,任选课,理论
1502149031,管理学原理*,必修课,理论
1706144091,遗传学,必修课,理论
0403140311,比较思想政治教育学,必修课,理论
1703142071,统计物理学,必修课,理论
0203140622,翻译理论与实践,任选课,理论
1303142032,社会保障热点专题,限选课,理论
1002140011,机械制图I,必修课,理论
0902140011,无机及分析化学,必修课,理论
1602142011,传播语言学,必修课,理论
1506145562,会展与节事管理,任选课,理论
0603141041,有机化学 II*,必修课,理论
0803147111,电力系统分析,必修课,理论
1503143681,酒店管理原理*,必修课,理论
1502143641,统计学,必修课,理论
0102140111,古代汉语I,必修课,理论
1506144802,酒店营销策划与案例分析,任选课,理论
0603142232,环境影响评价案例分析,任选课,理论
1703141271,中外教育名篇名著导读,必修课,理论
0402140041,毛泽东思想概论,必修课,理论
0903142041,食品安全监督管理学,必修课,理论
1306144052,金融法,任选课,理论
0806142003,线性代数B,必修课,理论
1517405030,旅游经济学概论,任选课,理论
0703141061,运营商支撑系统开发与设计,必修课,理论
0502140041,专业导论,必修课,理论
0502140071,材料力学,必修课,理论
1512009003,安全工程学,必修课,理论
1002146021,工程力学,必修课,理论
0806141011,创新方法学,必修课,理论
1302141021,世界民族志,必修课,理论
1502149021,经济法,必修课,理论
0104140081,阅读与写作,必修课,理论
1512007125,路基路面实验检测技术,必修课,理论
1704141811,中学教育学,必修课,理论
1603140131,电视摄像,必修课,理论
0203140642,旅游文化翻译,限选课,理论
0202140671,第二外语II,必修课,理论
1202140271,数理统计,必修课,理论
0802149051,电工电子技术 A,必修课,理论
0706140061,数字逻辑与数字系统设计,必修课,理论
0703145311,数据结构与算法,必修课,理论
1702143051,分析化学,必修课,理论
0603142051,大气污染控制工程*,必修课,理论
1506143812,酒店客户关系管理,任选课,理论
1003140131,机械制造技术基础,必修课,理论
1704140031,现代教育技术,必修课,理论
0603142071,固体废物处理与处置,必修课,理论
1512006113,建筑法规,限选课,理论
0606143091,水质工程学II*,必修课,理论
0705145061,创新创业实践,实践课,理论
1506141121,员工招聘与配置,限选课,理论
1517505023,三峡历史文化与旅游,必修课,理论
1108006401,水工程经济,任选课,理论
1511305015,汽车养护与美容,必修课,理论
0403140331,思想政治教育方法论,必修课,理论
1303143081,新媒体运营,必修课,理论
1306141072,中国传统文化,任选课,理论
0806140021,高频电子线路,必修课,理论
0806147182,传感器与检测技术,任选课,理论
1403145131,商业银行经营管理,必修课,理论
0906142022,绿色食品概论,限选课,理论
0902142021,食品化学,必修课,理论
0202141001,英语口语I,必修课,理论
0104140041,普通话与口语表达,必修课,理论
0502140021,画法几何,必修课,理论
0706141012,通信网理论,限选课,理论
1303142071,社会保险学,必修课,理论
1403145121,投资学,必修课,理论
0802145061,自动控制原理,必修课,理论
0206140211,日汉互译I,必修课,理论
0102140011,大学写作I,必修课,理论
1703141281,儿童文学,必修课,理论
0702140021,C语言程序设计,必修课,理论
1202140011,数学分析I,必修课,理论
1603140081,中外新闻史,必修课,理论
0603141011,无机化学*,必修课,理论
1517106410,商务礼仪,任选课,理论
1702141101,三笔字训练I,必修课,理论
1702241181,钢琴III,必修课,理论
0202141021,英语口语III,必修课,理论
0402140021,逻辑学,必修课,理论
0104140061,普通话与教师口语表达,必修课,理论
0900140042,绿色公民,公选课,理论
0802147011,电气工程导论,必修课,理论
0802143061,通信电子电路,必修课,理论
0806142005,近代物理,必修课,理论
0203140572,市场营销,任选课,理论
0602142041,环境微生物学*（双语）,必修课,理论
1206140152,机器学习,任选课,理论
1002143051,理论力学B,必修课,理论
1112007908,房屋建筑学,必修课,理论
1112007907,建筑工程造价,任选课,理论
0503140062,建筑设备,限选课,理论
0602140041,物理化学 D,必修课,理论
1512009002,土木建筑基础,必修课,理论
1512009130,BIM在交通领域推广与应用的新技术与新方法,必修课,理论
0506141031,土木工程施工,必修课,理论
0103143051,秘书职业道德礼仪,必修课,理论
0703141021,云计算关键技术,必修课,理论
0903141051,食品分析与检测,必修课,理论
0706140041,JAVA程序设计及应用,必修课,理论
1603142101,网页设计与制作,必修课,理论
1002140071,电工学I,必修课,理论
0203140522,商务秘书实务,限选课,理论
2101119991,汉语读写（提高）,必修课,理论
2101119961,中级汉语I（提高）,必修课,理论
1106240022,武术,必修课,理论
1704141821,青少年心理发展与教育,必修课,理论
0206140551,翻译理论与实践（英译汉）,必修课,理论
0902140051,物理化学,必修课,理论
1702143031,有机化学（上）,必修课,理论
1503145431,旅游学概论*,必修课,理论
0602144041,理论力学,必修课,理论
1206140062,数值计算方法,限选课,理论
0705145041,素养课程Ⅲ,实践课,理论
0202140171,日本概况,必修课,理论
0603142122,环境土壤学,任选课,理论
1302142081,公共政策学,必修课,理论
1303144071,知识产权法,必修课,理论
1303141011,社会学,必修课,理论
0603143101,水文学,必修课,理论
0206140541,商务英语笔译,必修课,理论
1704141562,中外艺术史,任选课,理论
0806140152,电子测量技术,限选课,理论
1303143031,文化商务英语,必修课,理论
0903145061,城市规划设计概论,必修课,理论
0806144442,HTML5程序设计*,限选课,理论
0706144061,绿色软件开发技术导论,必修课,理论
1702144071,生物学科教育学,必修课,理论
1003143201,控制工程基础B,必修课,理论
1203140571,统计软件实务,必修课,理论
1703142192,光纤传感技术,限选课,理论
0206140181,高级日语I,必修课,理论
0706143082,Android应用程序开发技术,限选课,理论
0803145181,人工神经网络,必修课,理论
0802140001,普通物理Ⅰ,必修课,理论
1302142031,微积分1,必修课,理论
0803147031,电力安全作业,必修课,理论
0202140011,基础日语I,必修课,理论
1506141221,电子商务技术基础,限选课,理论
0900140022,综合顶点课程,公选课,理论
0603143021,水分析化学 *,必修课,理论
1502140031,人力资源管理﹡,必修课,理论
0602142091,环境化学A,必修课,理论
1517405031,酒店管理专业英语,任选课,理论
1512009125,桥梁抗震,任选课,理论
1512007114,建筑与装饰工程估价,必修课,理论
1502149051,市场营销原理,必修课,理论
1602142021,网络美学,必修课,理论
0503141082,工程地质与土力学S,限选课,理论
1602140051,唐诗宋词赏析,必修课,理论
1703144132,植物生理学,限选课,理论
0806145252,通信电子线路,限选课,理论
2101140031,高级汉语Ⅰ,必修课,理论
1003146031,汽车构造（下）,必修课,理论
0601141011,计算机技术基础,必修课,理论
1112007910,结构设计,必修课,理论
1103142121,运动营养学,必修课,理论
1202140031,解析几何,必修课,理论
0806140121,电子测量与仪器,必修课,理论
1702141061,初等数论,必修课,理论
0402140011,法学概论,必修课,理论
1506143762,酒店营销策划与案例,任选课,理论
0903144011,细胞生物学与细胞工程,必修课,理论
1104140012,中学体育教材教法,限选课,理论
1303142011,社会调查研究方法,必修课,理论
1402140221,微观经济学*,必修课,理论
1511106017,嵌入式系统原理与设计,限选课,理论
1511206013,计算机集成制造系统,限选课,理论
0706147021,Python程序设计及应用,必修课,理论
0803140131,电工电子技术 B,必修课,理论
0506140111,市政工程基础,限选课,理论
0506141041,燃烧学,必修课,理论
1512006111,专业外语,限选课,理论
1512005002,安全生产法律法规,必修课,理论
0603142011,环境工程原理*,必修课,理论
0506142152,弹性力学,任选课,理论
0202140061,日语会话II,必修课,理论
1105340042,排球裁判法及实践,任选课,理论
1106240152,专项教学与实践Ⅰ,限选课,理论
0706146011,物联网导论,必修课,理论
0104140021,班级组织与管理,必修课,理论
1603142091,摄像技术基础,必修课,理论
1003143021,模拟电子技术,必修课,理论
0902141021,基础生物化学,必修课,理论
1402140011,政治经济学,必修课,理论
0102140031,文学概论I,必修课,理论
0102141211,文献检索与利用,必修课,理论
1302144111,行政法与行政诉讼法Ⅱ,必修课,理论
0903145031,风景园林工程,必修课,理论
1705344301,中小学科技作品创作,必修课,理论
1003146372,汽车制造工艺学,任选课,理论
0706145111,数据导入与预处理应用,必修课,理论
1406140022,报关实务,任选课,理论
1405340051,报关实训,实践课,理论
1606141202,植入式广告制作,限选课,理论
0103140012,马克思主义文论,限选课,理论
1506145632,旅游目的地管理,限选课,理论
1702241131,音乐基础（乐理、视唱、练耳I）,必修课,理论
0806143362,微波与天线技术,任选课,理论
0706140011,离散数学,必修课,理论
1402140061,计量经济学*,必修课,理论
0706140111,单片机原理及应用,必修课,理论
1203140871,实变函数与泛函分析,必修课,理论
1002141611,机械设计,必修课,理论
0203140662,译文对比赏析与翻译,限选课,理论
1003140141,液压与气压传动,必修课,理论
1506141111,人力资源规划,限选课,理论
0903141041,食品安全与卫生学,必修课,理论
0706143022,Linux 网络管理,限选课,理论
0202140031,基础日语III,必修课,理论
1702141011,自然科学基础,必修课,理论
1603142031,网络与新媒体概论,必修课,理论
1515106006,新媒体数据分析,限选课,理论
1511305021,汽车物流基础,任选课,理论
0706142062,Python程序设计,限选课,理论
0203140641,英语教学理论与方法,必修课,理论
1503141841,广告学,必修课,理论
1403140061,国际贸易实务(双语)*,必修课,理论
0806143332,通信工程制图与CAD,任选课,理论
1517405015,酒店战略管理*,必修课,理论
0102140141,中国现代文学史I,必修课,理论
0603142082,环境经济学,任选课,理论
0503140021,混凝土与砌体结构原理,必修课,理论
1406145212,区域经济学,任选课,理论
0506140081,土木工程概预算,限选课,理论
1003143062,专业英语,任选课,理论
0103141112,汉语基础,任选课,理论
1303141061,人类学概论,必修课,理论
1306141092,民族文化旅游规划与开发,任选课,理论
1503140091,组织行为学,必修课,理论
0403140251,世界通史,必修课,理论
1704140071,中学生物教材教法,限选课,理论
2101119981,汉语听说（提高）,必修课,理论
1106240062,网球*,任选课,理论
1103242251,游泳与救生技能,必修课,理论
1702241211,舞蹈基础（形体）,必修课,理论
1403145051,政治经济学Ⅰ,必修课,理论
1302142061,宏观经济学,必修课,理论
0706140101,微机原理与接口技术,必修课,理论
1703141321,小学英语教学理论与实践,必修课,理论
1303144091,国际私法,必修课,理论
0103143032,中国秘书史*,限选课,理论
1003146041,汽车理论与运用工程,必修课,理论
0903145032,建筑构造与材料,限选课,理论
0703140071,操作系统,必修课,理论
0803147131,电气测试技术,必修课,理论
0402140081,政治学概论,必修课,理论
1606141292,微电影制作,任选课,理论
1402141031,经济学基础（含宏观和微观）,必修课,理论
0702140012,VB程序语言,必修课,理论
0705145011,大数据概论,必修课,理论
1403141071,审计学,必修课,理论
1003141532,智能机器人B,任选课,理论
1703141251,儿童发展心理学,必修课,理论
0203140692,外事笔译,任选课,理论
0206140201,日语高级视听,必修课,理论
0203140531,商务英语视听说,必修课,理论
1302141011,中国民族志,必修课,理论
0706140022,嵌入式软件开发技术,限选课,理论
1703142031,电磁学,必修课,理论
1104007803,金融统计分析,限选课,理论
1511306005,汽车传感器与车载网络技术,限选课,理论
1506145532,中国旅游地理,任选课,理论
0602142071,有机化学,必修课,理论
1302142101,公共经济学,必修课,理论
1517505018,酒店管理信息系统,必修课,理论
1506143772,酒店管理法规,任选课,理论
1503147361,旅游与邮轮专业英语I,必修课,理论
1406145502,金融专业英语,任选课,理论
1512006002,土木工程施工安全技术,必修课,理论
0502140122,工程经济,限选课,理论
1112004903,建筑识图,必修课,理论
1306141022,民族经济学,限选课,理论
2101149931,高级口语,必修课,理论
1003143221,游泳技能训练,必修课,理论
1106240042,羽毛球*,任选课,理论
0303145002,理论选修Ⅰ（中国画论选读）,任选课,理论
1206140162,C#面向对象程序设计,必修课,理论
0303145022,理论选修Ⅰ（艺术现象专题）,任选课,理论
0303241051,影视赏析,必修课,理论
0902143031,农业微生物学,必修课,理论
0806145212,智能科学与技术专业导论,任选课,理论
1503145461,旅游电子商务概论,必修课,理论
1503140131,财务管理﹡,必修课,理论
0806140162,PLC控制技术,限选课,理论
1508505022,工程招投标与合同管理,任选课,理论
1403142021,高级财务会计,必修课,理论
1603141091,色彩与构图,必修课,理论
1406146072,投入产出分析,任选课,理论
1513005110,班级管理与班主任工作,任选课,理论
1508405008,水工程仪表与控制,必修课,理论
1003140161,单片机原理与应用,必修课,理论
1706144101,细胞生物学,必修课,理论
0606143081,泵与泵站*,必修课,理论
1506141952,供应链与物流管理,任选课,理论
0403140321,马克思主义经典著作选读,必修课,理论
1506147482,旅游策划,任选课,理论
1102142031,中医学基础,必修课,理论
0602142011,环境学概论*,必修课,理论
1511106007,塑料模具设计,限选课,理论
1402145031,经济学原理（下）,必修课,理论
1506145672,旅游网络营销,限选课,理论
0202140071,日语听力I,必修课,理论
0906141141,食用花卉学,任选课,理论
1303142022,劳务市场经纪人实务,限选课,理论
1302142021,管理学原理,必修课,理论
1703142011,力学,必修课,理论
1206140132,数学物理方程,任选课,理论
0104140011,中学语文课程与教学论,必修课,理论
1303144021,商法,必修课,理论
1002140061,工程材料,必修课,理论
0103140202,小说专题研究,限选课,理论
1206140202,运筹与优化,必修课,理论
1704141692,小学校园文化设计与指导,任选课,理论
0506142021,结构设计原理,限选课,理论
0103140102,汉语修辞学,限选课,理论
1403146011,时间序列分析,必修课,理论
1703144051,生态学,必修课,理论
2101119941,中级写作I（提高）,必修课,理论
1303143122,电脑平面设计,限选课,理论
1502149101,会计学基础,必修课,理论
1302144071,民法Ⅱ,必修课,理论
0903143032,果蔬营养与分析,限选课,理论
0606143061,水工艺设备基础,必修课,理论
1700140941,大学物理B（下）,必修课,理论
1104140062,班级管理,任选课,理论
0303140031,艺术概论,必修课,理论
0203140782,英语词汇学,限选课,理论
1103142141,运动生物化学,必修课,理论
1203140811,数据库原理,必修课,理论
1303142021,社会保障概论,必修课,理论
1111006011,质量管理与可靠性,任选课,理论
1002140041,理论力学A,必修课,理论
1702144021,生命科学导论,必修课,理论
0806145302,通信系统,限选课,理论
0503141092,建筑识图与构造S,限选课,理论
1512007107,建筑施工组织,必修课,理论
0803143061,流媒体CDN技术应用*,必修课,理论
0506142031,道路勘测设计,限选课,理论
1303142061,风险管理,必修课,理论
0506140121,道路与桥梁工程,限选课,理论
0806145101,MATLAB程序设计,任选课,理论
0502141041,工程热力学,必修课,理论
2101140051,中级阅读Ⅰ,必修课,理论
1105340022,足球裁判法及实践,任选课,理论
1403145091,计量经济学,必修课,理论
1503144011,管理学,必修课,理论
0503141031,安全人机工程,必修课,理论
1506141231,电子商务信息安全,限选课,理论
1517205005,推销与沟通,必修课,理论
1403140031,国际经济学*,必修课,理论
1704141532,合唱,任选课,理论
0806144422,Andriod应用开发*,限选课,理论
0202140111,日语写作I,必修课,理论
1512009001,普通化学,必修课,理论
1303142031,公共部门人力资源管理,必修课,理论
1112006905,建设工程项目管理,任选课,理论
1512007126,隧道工程,必修课,理论
2101149921,中级口语,必修课,理论
0104140042,中学语文经典课文鉴赏,限选课,理论
0303240031,专业基础Ⅲ,必修课,理论
0203140632,外文报刊阅读与翻译,限选课,理论
0103143071,信息与档案管理,必修课,理论
1606140312,电影艺术与形式,限选课,理论
1306141102,全国导游基础知识,任选课,理论
0706145132,大数据分析与内存计算,限选课,理论
0706146022,物联网通信技术,限选课,理论
0206140581,实用高级翻译,必修课,理论
0803145171,智能优化算法,必修课,理论
0903144022,药用植物组织培养,限选课,理论
0903143022,果树育种学各论,限选课,理论
1202140421,大数据导论,必修课,理论
0903145051,风景园林规划设计,必修课,理论
1506143782,酒店设备管理,任选课,理论
1702241151,音乐基础（乐理、视唱、练耳III）,必修课,理论
0303240011,专业基础Ⅰ,必修课,理论
0303240021,专业基础Ⅱ,必修课,理论
1503141851,市场营销策划,必修课,理论
1403140051,国际金融（双语）*,必修课,理论
1506145712,导游业务,限选课,理论
1103142161,健身原理与方法,必修课,理论
0202140801,英语语音I,必修课,理论
0306243071,建筑技法表现,必修课,理论
0306143041,人机工程学,必修课,理论
1603140161,电视节目策划与编导,必修课,理论
1403145081,金融市场学,必修课,理论
1003143092,数控技术与编程,必修课,理论
0806147252,新能源与分布式发电,限选课,理论
1402141051,基础会计,必修课,理论
1700140911,大学物理学（上）,必修课,理论
1302144011,法理学,必修课,理论
1402142041,初级会计实务,必修课,理论
1702141121,三笔字训练III,必修课,理论
0306243051,图案与装饰设计,必修课,理论
0306243002,中国画基础,任选课,理论
0306243081,电脑图形图像设计,必修课,理论
0306242041,电脑图形图形设计,必修课,理论
0303241091,后期合成技术,必修课,理论
0703142031,JAVA语言程序设计,必修课,理论
1706143081,物理化学A（下）,必修课,理论
0303244041,服装工艺,必修课,理论
1403145041,货币银行学,必修课,理论
1506140172,质量管理学,任选课,理论
1517405033,酒店财务管理,任选课,理论
0303244051,立体裁剪,必修课,理论
0603141231,化工仪表与自动化,必修课,理论
1503140141,管理信息系统﹡,必修课,理论
1602140071,影视美学,必修课,理论
1506141131,员工培训与开发,限选课,理论
0206140531,商务英语函电,必修课,理论
0306242012,手绘与插画表现,任选课,理论
0306242061,文字创意与版式设计,必修课,理论
0306242071,新媒体设计Ⅰ,必修课,理论
0306242051,图形设计与创意思维,必修课,理论
0303244071,服装材料应用,必修课,理论
0303241272,影视美术设计,任选课,理论
0303241071,剧本与创意,必修课,理论
0303244061,成衣设计Ⅰ,必修课,理论
0303241081,角色造型设计,必修课,理论
0303241061,原动画基础,必修课,理论
0103140032,现代西方文学批评理论与方法,限选课,理论
1303144041,劳动与社会保障法Ⅰ,必修课,理论
0706144091,JAVA程序设计语言,必修课,理论
1302143021,美学,必修课,理论
0403140241,中国哲学史,必修课,理论
0204140062,教师礼仪与沟通艺术,任选课,理论
0703145321,操作系统（Linux）,必修课,理论
1503144661,酒店客房管理与实务,必修课,理论
1702142041,光学,必修课,理论
0103143021,行政管理学,必修课,理论
1706143101,中学化学教材教法,必修课,理论
0903145071,园林工程管理,必修课,理论
1104140011,体育心理学,必修课,理论
1403141021,中级财务会计（下）,必修课,理论
1503143621,酒店前厅服务与管理,必修课,理论
0706140072,计算机信息安全技术,任选课,理论
0806140051,计算机通信与网络,必修课,理论
0903143051,园艺植物生物技术,必修课,理论
0603144051,过程流体机械 *,必修课,理论
0602143011,大学化学,必修课,理论
0502142211,工程经济与项目管理,必修课,理论
1506141922,企业战略管理,任选课,理论
1303143152,毕业论文（设计）指导,限选课,理论
0806140332,模式识别,任选课,理论
1517405017,创业与中小企业管理△,必修课,理论
0403140211,中国共产党历史,必修课,理论
1512006005,建筑施工安全专项方案编制,必修课,理论
1503145441,旅行社管理,必修课,理论
1106242302,体育舞蹈,任选课,理论
1506141962,服务营销,任选课,理论
0806143302,通信工程导论*,限选课,理论
1103142191,体质测量与评价,必修课,理论
0103141022,文学批评,限选课,理论
0902145021,风景园林艺术,必修课,理论
1003146232,汽车专业英语,任选课,理论
0603145041,流体力学与流体机械*,必修课,理论
1403142061,成本会计,必修课,理论
0203140511,商务英语阅读,必修课,理论
0706144012,信息安全技术,任选课,理论
1003146061,汽车发动机原理,必修课,理论
1402142031,经济学基础(含宏观和微观),必修课,理论
1406140012,国际贸易地理,任选课,理论
1504405009,理财规划,任选课,理论
1511305017,汽车再生工程,必修课,理论
0803147101,工厂供配电,必修课,理论
0806145382,光纤智能传感,任选课,理论
1206140172,应用密码学,任选课,理论
1503147411,旅游电子商务,必修课,理论
1503145451,旅游礼仪,必修课,理论
1114007339,文化创意经典案例解析,限选课,理论
1103142101,护理学基本技术,必修课,理论
0602142021,无机化学,必修课,理论
1508406203,水处理新技术,限选课,理论
0902141011,普通生物学,必修课,理论
0603142152,可持续工程原理,任选课,理论
1603141121,广告心理学,必修课,理论
1503144651,酒店前厅管理与实务,必修课,理论
1002141511,工程化学基础,必修课,理论
1406141032,内部控制,限选课,理论
1306141012,宗教文化学,限选课,理论
0906141161,发酵工程导论,任选课,理论
2101140071,高级阅读Ⅰ（报刊阅读）,必修课,理论
1003146072,汽车营销与策划,限选课,理论
0203140631,英语基础教育改革专题,必修课,理论
1402145001,会计学,必修课,理论
1603141101,广告调查与效果评估,必修课,理论
0202140131,日语泛读I,必修课,理论
0903145011,观赏植物识别与应用,必修课,理论
1002146041,电工电子技术（上）,必修课,理论
1102142041,诊断学,必修课,理论
1306144082,西方法律思想史,任选课,理论
1706143091,结构化学,必修课,理论
0803145101,C/C++语言程序设计,必修课,理论
1508504006,化工设备安全技术,必修课,理论
1511206012,数控系统原理,限选课,理论
1303144031,环境资源法,必修课,理论
0706145081,大数据应用开发语言,必修课,理论
0402140051,马克思主义政治经济学,必修课,理论
1703142182,计算机网络基础,任选课,理论
0603144061,过程设备设计 *,必修课,理论
1506145542,演讲与口才,任选课,理论
1512006003,建筑施工应急救援预案及典型案例分析,必修课,理论
1406145152,国际贸易学,任选课,理论
1702241191,美术基础（素描、简笔画）,必修课,理论
1303143132,短视频拍摄与编辑,限选课,理论
1704141572,小学音乐教学理论与实践,任选课,理论
1102140041,社会体育学,必修课,理论
0903144021,药物化学,必修课,理论
1003146082,汽车服务企业管理,限选课,理论
0902143041,农业气象学,必修课,理论
1106242292,健身健美操,任选课,理论
0203140562,电子商务,任选课,理论
1303143061,文化市场经营与管理,必修课,理论
0903143061,园艺植物组织培养,必修课,理论
1603140201,新闻编辑学,必修课,理论
0706142102,人机交互,任选课,理论
0903142031,食品卫生学,必修课,理论
0903145092,植被生态修复工程,任选课,理论
0903144032,药事管理与法规,限选课,理论
1115007009,大学生就业指导,实践课,理论
1104006504,国际金融与国际贸易,任选课,理论
1104140031,体育科学研究方法,必修课,理论
1303142142,社会心理学,任选课,理论
0806147222,变频器原理及应用,限选课,理论
1702140071,物理学科教育学,必修课,理论
0603144011,过程装备与控制工程概论,必修课,理论
0603145011,环境学概论,必修课,理论
1603141041,广告学概论,必修课,理论
0303140061,艺术批评,必修课,理论
1702241161,钢琴I,必修课,理论
0706140121,Web编程技术,必修课,理论
0706144031,Web前端设计,必修课,理论
1503145491,旅游资源开发与规划*,必修课,理论
1514205020,民族社会学,必修课,理论
1702143011,无机化学(上）,必修课,理论
1503147371,邮轮餐饮服务与管理*,必修课,理论
2101140091,中级写作Ⅰ,必修课,理论
1103142151,运动康复生物力学,必修课,理论
0103140272,外国戏剧经典导读,限选课,理论
0203140252,商务日语会话,限选课,理论
1204140291,中学数学课程标准与教材研究,必修课,理论
1306141062,民俗学,必修课,理论
0903145102,乡村旅游规划设计,任选课,理论
0903144152,药用植物栽培学,任选课,理论
1504405006,政府及非盈利组织会计,任选课,理论
0202140091,日语听力III,必修课,理论
1503144701,酒店人力资源管理原理,必修课,理论
1602141011,市场营销学,必修课,理论
0706144022,Python语言程序设计,限选课,理论
1406145182,国际结算,任选课,理论
1503143651,酒店客房服务与管理,必修课,理论
2101119951,中级阅读I（提高）,必修课,理论
1704141382,小学生阅读指导与训练,任选课,理论
1406141312,数据库管理与应用,任选课,理论
0602145101,环境微生物学,必修课,理论
2000140092,习近平新时代中国特色社会主义思想,公选课,理论
2000140862,考研数学选讲,公选课,理论
0800001036,心理学(R),公选课,理论
2000140042,食品鉴赏,公选课,理论
0202140901,大学日语Ⅲ,必修课,理论
2000240022,快乐陶艺,公选课,理论
1204140281,中学数学教学方法,必修课,理论
2000140882,韩国语入门,公选课,理论
1100001010,基础日语(R),公选课,理论
2000140942,人像时尚摄影与短视频制作,公选课,理论
1700001008,美国电影赏析,公选课,理论
1504405010,财政学,任选课,理论
1702143010,化学学科教育学,必修课,理论
1106140112,体育绘图,任选课,理论
1602141071,摄影技术基础,必修课,理论
0203140542,进出口报关,限选课,理论
1703141341,小学生心理健康教育,必修课,理论
0902140071,仪器分析,任选课,理论
1303142172,公共关系理论与实务,任选课,理论
0706147011,Linux系统及应用,必修课,理论
0706142052,前端开发技术,限选课,理论
1503143641,酒店人力资源管理*,必修课,理论
1204140482,中学数学选讲,任选课,理论
1706143152,高分子化学,任选课,理论
0403140341,中学政治课教材教法（含微格训练：与中学教师合作）,必修课,理论
1303142152,SPSS（社会科学统计软件）,任选课,理论
1104007202,国际货物运输与保险,限选课,理论
0103140192,诗歌专题研究,限选课,理论
1206140542,应用回归分析,限选课,理论
0203140602,中国文化概论,限选课,理论
1506145652,前厅客房服务与管理,限选课,理论
0806147242,电气CAD制图,限选课,理论
0903143012,果树栽培学各论,限选课,理论
1406141302,计算机编程语言,任选课,理论
1506140202,商务谈判,任选课,理论
0906142082,食品添加剂,任选课,理论
2101140111,高级写作Ⅰ,必修课,理论
1101240011,大学体育Ⅰ,必修课,理论
0903145041,风景园林植物景观设计,必修课,理论
1706143132,化学工程基础,任选课,理论
0706144071,信息系统分析与设计,必修课,理论
0903143132,园艺产品营销学,任选课,理论
1606141182,中外优秀广告作品赏析,限选课,理论
1105340032,篮球裁判法及实践,任选课,理论
0902145011,中外园林史,必修课,理论
1700002008,3D打印技术与应用,公选课,理论
2000140312,office高效办公,公选课,理论
1700004001,艾滋病、性与健康,公选课,理论
1700001025,笔墨时空——解读中国书法文化基因,公选课,理论
2000140122,材料与社会——探秘身边的材料,公选课,理论
1700005014,创践——大学生创新创业实务,公选课,理论
2000140542,创造性思维与创新方法,公选课,理论
2000140162,大学生安全文化,公选课,理论
1700005013,大学生创业概论与实践,公选课,理论
2000140212,大学生劳动就业法律问题解读,公选课,理论
1700004002,大学生心理健康,公选课,理论
2000140572,地球历史及其生命的奥秘,公选课,理论
1700002015,多媒体课件设计与制作,公选课,理论
2000140072,服装色彩搭配,公选课,理论
1700001027,个人理财,公选课,理论
1700001012,公共关系与人际交往能力,公选课,理论
1700004004,关爱生命——急救与自救技能,公选课,理论
2000140262,海洋文明,公选课,理论
2000140082,花道——插花技艺养成,公选课,理论
2000140582,环境生态与健康,公选课,理论
2000140772,教育与美好人生,公选课,理论
2000140832,军事理论-综合版,公选课,理论
2000140662,可再生能源与低碳社会,公选课,理论
2000140842,礼仪文化与有效沟通,公选课,理论
2000140182,领导力与高效能组织,公选课,理论
1700001026,美学与人生,公选课,理论
1700003006,欧美电影文化,公选课,理论
2000140952,品三国，论领导艺术,公选课,理论
1700002007,奇异的仿生学,公选课,理论
1700002009,汽车行走的艺术,公选课,理论
1700002011,人类与生态文明,公选课,理论
1300001010,日本文化概论(R),公选课,理论
1700001022,商业伦理与东西方决策智慧,公选课,理论
2000140132,生活中的趣味物理,公选课,理论
2000140152,生物多样性保护与森林文化,公选课,理论
1700004003,食品安全,公选课,理论
2000140222,世界经济地理之一带一路,公选课,理论
2000140332,世界著名博物馆艺术经典,公选课,理论
1700003005,视觉与艺术,公选课,理论
2000140282,数学——宇宙的语言,公选课,理论
2000140232,死亡文化与生死教育,公选课,理论
2000140622,孙子兵法中的思维智慧,公选课,理论
1700002014,天文漫谈,公选课,理论
2000140602,图说人际关系心理,公选课,理论
1700001019,外国建筑赏析,公选课,理论
2000140612,文化差异与跨文化交际,公选课,理论
2000140632,西方文学经典鉴赏,公选课,理论
2000140242,行为生活方式与健康,公选课,理论
1700003004,艺术与审美,公选课,理论
2000140782,园林艺术赏析,公选课,理论
2000140302,证券投资分析与智慧人生,公选课,理论
2000140852,职场菜鸟礼仪指南,公选课,理论
1700001011,职场沟通,公选课,理论
1700001010,中国古建筑文化与鉴赏,公选课,理论
2000140322,中国少数民族文化,公选课,理论
2000140272,走进航空航天,公选课,理论
0010000001,水污染控制工程实验,,实验
0010000002,水质工程学Ⅱ,,实验
0010000003,泵于泵站课内实验,,实验
0010000004,环境土壤学,,实验
0010000005,固体废物处理与处置,,实验
0010000006,环境微生物学,,实验
0010000007,基础化学实验AⅢ(下),,实验
0010000008,无机化学实验,,实验
0010000009,普通化学实验,,实验
0010000010,基础化学实验AI（上）,,实验
0010000011,大学化学实验,,实验
0010000012,水分析化学实验,,实验
0010000013,基础化学实验AII（上）,,实验
0010000014,中学化学实验研究,,实验
0010000015,有机化学实验,,实验
0010000016,绿色化学实验△,,实验
0010000017,化工专业实验（一）,,实验
0010000018,酒店英语口语,,实验
0010000019,土力学实验S,,实验
0010000020,材料力学实验,,实验
0010000021,土木工程材料实验,,实验
0010000022,通风工程实验,,实验
0010000023,燃烧学实验S,,实验
0010000024,火灾自动报警系统实验,,实验
0010000025,土木工程概预算,,实验
0010000026,CAD制图,,实验
0010000027,VB程序语言,,实验
0010000028,C语言,,实验
0010000029,工程概预算,,实验
0010000030,桥梁电算,,实验
0010000031,路基路面实验检测技术,,实验
0010000032,安全人机工程实验,,实验
0010000033,工程场所有害因素检测实验,,实验
0010000034,日语语音,,实验
0010000035,工程力学,,实验
0010000036,材料力学,,实验
0010000037,机械设计,,实验
0010000038,航海学,,实验
0010000039,机械设计课程设计,,实验
0010000040,单片机原理与应用,,实验
0010000041,嵌入式系统原理与设计,,实验
0010000042,机械测试技术,,实验
0010000043,液压与气压传动,,实验
0010000044,汽车液压与气压传动,,实验
0010000045,理论力学,,实验
0010000046,电子线路CAD,,实验
0010000047,工业机器人,,实验
0010000048,智能机器人,,实验
0010000049,智能机器人基础,,实验
0010000050,塑料模具设计,,实验
0010000051,数控技术与编程,,实验
0010000052,控制工程基础,,实验
0010000053,有限元分析,,实验
0010000054,三维实体设计及仿真,,实验
0010000055,数据库基础,,实验
0010000056,冲压工艺与模具设计,,实验
0010000057,模具设计与制造,,实验
0010000058,汽车构造(下）,,实验
0010000059,汽车构造(下),,实验
0010000060,三维造型设计,,实验
0010000061,汽车结构概论,,实验
0010000062,工程材料,,实验
0010000063,汽车制造工艺学,,实验
0010000064,汽车理论与运用工程,,实验
0010000065,汽车电气与电控技术,,实验
0010000066,汽车传感器与车载网络技术,,实验
0010000067,电工学实验Ⅰ,,实验
0010000068,电工与电子技术（上）,,实验
0010000069,模拟电子技术,,实验
0010000070,电气控制与PLC-B,,实验
0010000071,电气控制与PLC,,实验
0010000072,工厂供配电,,实验
0010000073,机电传动控制,,实验